{"textures":{"0":"modelengine:entity/clank","particle":"#0"},"elements":[{"from":[7.5,7.53868,7.3944798],"to":[8.5,10.538679,8.39448],"faces":{"east":{"uv":[11.0,6.0,11.5,7.5],"tintindex":0,"rotation":0,"texture":"#0"},"south":{"uv":[6.5,11.0,7.0,12.5],"tintindex":0,"rotation":0,"texture":"#0"},"north":{"uv":[6.0,11.0,6.5,12.5],"tintindex":0,"rotation":0,"texture":"#0"},"west":{"uv":[7.0,11.0,7.5,12.5],"tintindex":0,"rotation":0,"texture":"#0"},"up":{"uv":[8.5,11.5,8.0,11.0],"tintindex":0,"rotation":0,"texture":"#0"},"down":{"uv":[9.0,11.0,8.5,11.5],"tintindex":0,"rotation":0,"texture":"#0"}},"rotation":{"origin":[8.0,8.0,8.0],"angle":22.5,"axis":"x"}},{"from":[7.0,10.13316,7.8558],"to":[9.0,12.13316,9.8558],"faces":{"east":{"uv":[6.0,10.0,7.0,11.0],"tintindex":0,"rotation":0,"texture":"#0"},"south":{"uv":[10.0,7.0,11.0,8.0],"tintindex":0,"rotation":0,"texture":"#0"},"north":{"uv":[6.0,5.0,7.0,6.0],"tintindex":0,"rotation":0,"texture":"#0"},"west":{"uv":[10.0,8.0,11.0,9.0],"tintindex":0,"rotation":0,"texture":"#0"},"up":{"uv":[11.0,10.0,10.0,9.0],"tintindex":0,"rotation":0,"texture":"#0"},"down":{"uv":[11.0,10.0,10.0,11.0],"tintindex":0,"rotation":0,"texture":"#0"}},"rotation":{"origin":[8.0,10.199999,9.0],"angle":22.5,"axis":"x"}}],"display":{"head":{"rotation":[0.0,0.0,0.0]},"firstperson_righthand":{"rotation":[0.0,0.0,0.0]},"thirdperson_lefthand":{"rotation":[0.0,-0.0,-0.0]},"firstperson_lefthand":{"rotation":[0.0,-0.0,-0.0]},"fixed":{"rotation":[0.0,0.0,0.0]},"ground":{"rotation":[0.0,0.0,0.0]},"thirdperson_righthand":{"rotation":[0.0,0.0,0.0]},"gui":{"rotation":[-150.0,-45.0,180.0]}}}