{"textures":{"0":"modelengine:entity/clank","particle":"#0"},"elements":[{"from":[8.0,4.0,7.0],"to":[10.0,8.0,9.0],"faces":{"east":{"uv":[6.0,8.0,7.0,10.0],"tintindex":0,"rotation":0,"texture":"#0"},"south":{"uv":[0.0,9.0,1.0,11.0],"tintindex":0,"rotation":0,"texture":"#0"},"north":{"uv":[5.0,8.0,6.0,10.0],"tintindex":0,"rotation":0,"texture":"#0"},"west":{"uv":[9.0,0.0,10.0,2.0],"tintindex":0,"rotation":0,"texture":"#0"},"up":{"uv":[1.0,12.0,0.0,11.0],"tintindex":0,"rotation":0,"texture":"#0"},"down":{"uv":[12.0,0.0,11.0,1.0],"tintindex":0,"rotation":0,"texture":"#0"}}}],"display":{"head":{"rotation":[0.0,0.0,0.0]},"firstperson_righthand":{"rotation":[0.0,0.0,0.0]},"thirdperson_lefthand":{"rotation":[0.0,-0.0,-0.0]},"firstperson_lefthand":{"rotation":[0.0,-0.0,-0.0]},"fixed":{"rotation":[0.0,0.0,0.0]},"ground":{"rotation":[0.0,0.0,0.0]},"thirdperson_righthand":{"rotation":[0.0,0.0,0.0]},"gui":{"rotation":[-150.0,-45.0,180.0]}}}