{"textures":{"0":"modelengine:entity/clank","particle":"#0"},"elements":[{"from":[6.0,6.0,6.0],"to":[10.0,10.0,10.0],"faces":{"east":{"uv":[6.0,3.0,8.0,5.0],"tintindex":0,"rotation":0,"texture":"#0"},"south":{"uv":[5.0,6.0,7.0,8.0],"tintindex":0,"rotation":0,"texture":"#0"},"north":{"uv":[3.0,6.0,5.0,8.0],"tintindex":0,"rotation":0,"texture":"#0"},"west":{"uv":[7.0,5.0,9.0,7.0],"tintindex":0,"rotation":0,"texture":"#0"},"up":{"uv":[9.0,9.0,7.0,7.0],"tintindex":0,"rotation":0,"texture":"#0"},"down":{"uv":[5.0,8.0,3.0,10.0],"tintindex":0,"rotation":0,"texture":"#0"}}}],"display":{"head":{"rotation":[0.0,0.0,0.0]},"firstperson_righthand":{"rotation":[0.0,0.0,0.0]},"thirdperson_lefthand":{"rotation":[0.0,-0.0,-0.0]},"firstperson_lefthand":{"rotation":[0.0,-0.0,-0.0]},"fixed":{"rotation":[0.0,0.0,0.0]},"ground":{"rotation":[0.0,0.0,0.0]},"thirdperson_righthand":{"rotation":[0.0,0.0,0.0]},"gui":{"rotation":[-150.0,-45.0,180.0]}}}