{"textures":{"0":"modelengine:entity/clank","particle":"#0"},"elements":[{"from":[4.9,7.9,6.9],"to":[11.1,10.0,7.8],"faces":{"east":{"uv":[7.5,11.0,8.0,12.0],"tintindex":0,"rotation":0,"texture":"#0"},"south":{"uv":[8.0,4.0,11.0,5.0],"tintindex":0,"rotation":0,"texture":"#0"},"north":{"uv":[8.0,3.0,11.0,4.0],"tintindex":0,"rotation":0,"texture":"#0"},"west":{"uv":[11.0,7.5,11.5,8.5],"tintindex":0,"rotation":0,"texture":"#0"},"up":{"uv":[12.0,2.5,9.0,2.0],"tintindex":0,"rotation":0,"texture":"#0"},"down":{"uv":[12.0,2.5,9.0,3.0],"tintindex":0,"rotation":0,"texture":"#0"}}}],"display":{"head":{"rotation":[0.0,0.0,0.0]},"firstperson_righthand":{"rotation":[0.0,0.0,0.0]},"thirdperson_lefthand":{"rotation":[0.0,-0.0,-0.0]},"firstperson_lefthand":{"rotation":[0.0,-0.0,-0.0]},"fixed":{"rotation":[0.0,0.0,0.0]},"ground":{"rotation":[0.0,0.0,0.0]},"thirdperson_righthand":{"rotation":[0.0,0.0,0.0]},"gui":{"rotation":[-150.0,-45.0,180.0]}}}