{
  "model": {
    "type": "range_dispatch",
    "property": "custom_model_data",
    "entries": [
      { "threshold": 7000, "model": { "type": "minecraft:model", "model": "gens/setup/circle", "tints": [{"type": "minecraft:potion","default": -13083194}] } },
      { "threshold": 7001, "model": { "type": "minecraft:model", "model": "gens/setup/circle2", "tints": [{"type": "minecraft:potion","default": -13083194}] } },
      { "threshold": 7002, "model": { "type": "minecraft:model", "model": "gens/setup/confetti", "tints": [{"type": "minecraft:potion","default": -13083194}] } },
      { "threshold": 7003, "model": { "type": "minecraft:model", "model": "gens/setup/confetti2", "tints": [{"type": "minecraft:potion","default": -13083194}] } },
      { "threshold": 7004, "model": { "type": "minecraft:model", "model": "gens/setup/balleffect", "tints": [{"type": "minecraft:potion","default": -13083194}] }},
	  { "threshold": 7036, "model": { "type": "minecraft:model", "model": "xqedii/dev/flowers/a", "tints": [{"type": "minecraft:potion","default": -13083194}] } },
      { "threshold": 7037, "model": { "type": "minecraft:model", "model": "xqedii/dev/flowers/b", "tints": [{"type": "minecraft:potion","default": -13083194}] } },
      { "threshold": 7038, "model": { "type": "minecraft:model", "model": "xqedii/dev/flowers/c", "tints": [{"type": "minecraft:potion","default": -13083194}] } },
      { "threshold": 7039, "model": { "type": "minecraft:model", "model": "xqedii/dev/flowers/d", "tints": [{"type": "minecraft:potion","default": -13083194}] } },
      { "threshold": 7040, "model": { "type": "minecraft:model", "model": "xqedii/dev/flowers/e", "tints": [{"type": "minecraft:potion","default": -13083194}] } },
      { "threshold": 7041, "model": { "type": "minecraft:model", "model": "xqedii/dev/flowers/f", "tints": [{"type": "minecraft:potion","default": -13083194}] } },
      { "threshold": 7042, "model": { "type": "minecraft:model", "model": "xqedii/dev/flowers/g", "tints": [{"type": "minecraft:potion","default": -13083194}] } },
      { "threshold": 7043, "model": { "type": "minecraft:model", "model": "xqedii/dev/flowers/h", "tints": [{"type": "minecraft:potion","default": -13083194}] } },
      { "threshold": 7044, "model": { "type": "minecraft:model", "model": "xqedii/dev/flowers/i", "tints": [{"type": "minecraft:potion","default": -13083194}] } },
      { "threshold": 7045, "model": { "type": "minecraft:model", "model": "xqedii/dev/flowers/j", "tints": [{"type": "minecraft:potion","default": -13083194}] } },
      { "threshold": 7046, "model": { "type": "minecraft:model", "model": "xqedii/dev/flowers/k", "tints": [{"type": "minecraft:potion","default": -13083194}] } },
      { "threshold": 7047, "model": { "type": "minecraft:model", "model": "xqedii/dev/flowers/l", "tints": [{"type": "minecraft:potion","default": -13083194}] } },
      { "threshold": 7048, "model": { "type": "minecraft:model", "model": "xqedii/dev/flowers/m", "tints": [{"type": "minecraft:potion","default": -13083194}] } },
      { "threshold": 7049, "model": { "type": "minecraft:model", "model": "xqedii/dev/flowers/n", "tints": [{"type": "minecraft:potion","default": -13083194}] } },
      { "threshold": 7050, "model": { "type": "minecraft:model", "model": "xqedii/dev/flowers/o", "tints": [{"type": "minecraft:potion","default": -13083194}] } },
      { "threshold": 7051, "model": { "type": "minecraft:model", "model": "xqedii/dev/flowers/p", "tints": [{"type": "minecraft:potion","default": -13083194}] } },
      { "threshold": 7052, "model": { "type": "minecraft:model", "model": "xqedii/dev/flowers/q", "tints": [{"type": "minecraft:potion","default": -13083194}] } },
      { "threshold": 7053, "model": { "type": "minecraft:model", "model": "xqedii/dev/flowers/r", "tints": [{"type": "minecraft:potion","default": -13083194}] } },
      { "threshold": 7054, "model": { "type": "minecraft:model", "model": "xqedii/dev/flowers/s", "tints": [{"type": "minecraft:potion","default": -13083194}] } },
      { "threshold": 7055, "model": { "type": "minecraft:model", "model": "xqedii/dev/flowers/t", "tints": [{"type": "minecraft:potion","default": -13083194}] } },
      { "threshold": 7056, "model": { "type": "minecraft:model", "model": "xqedii/dev/flowers/u", "tints": [{"type": "minecraft:potion","default": -13083194}] } },
      { "threshold": 7057, "model": { "type": "minecraft:model", "model": "xqedii/dev/flowers/v", "tints": [{"type": "minecraft:potion","default": -13083194}] } },
      { "threshold": 7058, "model": { "type": "minecraft:model", "model": "xqedii/dev/flowers/w", "tints": [{"type": "minecraft:potion","default": -13083194}] } },
      { "threshold": 7059, "model": { "type": "minecraft:model", "model": "xqedii/dev/flowers/x", "tints": [{"type": "minecraft:potion","default": -13083194}] } },
      { "threshold": 7060, "model": { "type": "minecraft:model", "model": "xqedii/dev/flowers/y", "tints": [{"type": "minecraft:potion","default": -13083194}] } },
      { "threshold": 7061, "model": { "type": "minecraft:model", "model": "xqedii/dev/flowers/z", "tints": [{"type": "minecraft:potion","default": -13083194}] } },
      { "threshold": 7062, "model": { "type": "minecraft:model", "model": "xqedii/dev/flowers/0", "tints": [{"type": "minecraft:potion","default": -13083194}] } },
      { "threshold": 7063, "model": { "type": "minecraft:model", "model": "xqedii/dev/flowers/1", "tints": [{"type": "minecraft:potion","default": -13083194}] } },
      { "threshold": 7064, "model": { "type": "minecraft:model", "model": "xqedii/dev/flowers/2", "tints": [{"type": "minecraft:potion","default": -13083194}] } },
      { "threshold": 7065, "model": { "type": "minecraft:model", "model": "xqedii/dev/flowers/3", "tints": [{"type": "minecraft:potion","default": -13083194}] } },
      { "threshold": 7066, "model": { "type": "minecraft:model", "model": "xqedii/dev/flowers/4", "tints": [{"type": "minecraft:potion","default": -13083194}] } },
      { "threshold": 7067, "model": { "type": "minecraft:model", "model": "xqedii/dev/flowers/5", "tints": [{"type": "minecraft:potion","default": -13083194}] } },
      { "threshold": 7068, "model": { "type": "minecraft:model", "model": "xqedii/dev/flowers/6", "tints": [{"type": "minecraft:potion","default": -13083194}] } },
      { "threshold": 7069, "model": { "type": "minecraft:model", "model": "xqedii/dev/flowers/7", "tints": [{"type": "minecraft:potion","default": -13083194}] } },
      { "threshold": 7070, "model": { "type": "minecraft:model", "model": "xqedii/dev/flowers/8", "tints": [{"type": "minecraft:potion","default": -13083194}] } },
      { "threshold": 7071, "model": { "type": "minecraft:model", "model": "xqedii/dev/flowers/9", "tints": [{"type": "minecraft:potion","default": -13083194}] } }
    ],
    "fallback": {
      "type": "minecraft:model",
      "model": "minecraft:item/potion",
      "tints": [{"type": "minecraft:potion","default": -13083194}]
    }
  }
}