{"overrides":[{"predicate":{"custom_model_data":1},"model":"modelengine:clank/leg_right"},{"predicate":{"custom_model_data":2},"model":"modelengine:clank/leg_left"},{"predicate":{"custom_model_data":3},"model":"modelengine:clank/chest"},{"predicate":{"custom_model_data":4},"model":"modelengine:clank/head"},{"predicate":{"custom_model_data":5},"model":"modelengine:clank/arm_left"},{"predicate":{"custom_model_data":6},"model":"modelengine:clank/arm_right"},{"predicate":{"custom_model_data":7},"model":"modelengine:clank/mouth"},{"predicate":{"custom_model_data":8},"model":"modelengine:clank/antenna"}],"parent":"minecraft:item/generated","textures":{"layer0":"minecraft:item/leather_horse_armor"}}