{
	"credit": "Made with Blockbench",
	"texture_size": [128, 128],
	"textures": {
		"0": "gens/setup/bannericon",
		"1": "gens/setup/banner",
		"particle": "gens/setup/bannericon"
	},
	"elements": [
		{
			"from": [28.5, -5, 6.5],
			"to": [32, -1.5, 9.5],
			"rotation": {"angle": 0, "axis": "y", "origin": [16, -5, 6.75]},
			"faces": {
				"north": {"uv": [6.125, 2.5, 6.5625, 2.9375], "texture": "#1"},
				"east": {"uv": [4.375, 6.25, 4.75, 6.6875], "texture": "#1"},
				"south": {"uv": [6.125, 3, 6.5625, 3.4375], "texture": "#1"},
				"west": {"uv": [4.75, 6.25, 5.125, 6.6875], "texture": "#1"},
				"up": {"uv": [6.6875, 5.125, 6.25, 4.75], "texture": "#1"},
				"down": {"uv": [6.6875, 5.125, 6.25, 5.5], "texture": "#1"}
			}
		},
		{
			"from": [-12.5, -3.75, 7.125],
			"to": [28.5, -1.5, 8.875],
			"rotation": {"angle": 0, "axis": "y", "origin": [12.5, -5, 6.5]},
			"faces": {
				"north": {"uv": [5.125, 0, 10.25, 0.3125], "texture": "#1"},
				"east": {"uv": [4.875, 6.75, 5.125, 7.0625], "texture": "#1"},
				"south": {"uv": [5.125, 0.375, 10.25, 0.6875], "texture": "#1"},
				"west": {"uv": [4, 6.875, 4.25, 7.1875], "texture": "#1"},
				"up": {"uv": [10.25, 1.75, 5.125, 1.5], "texture": "#1"},
				"down": {"uv": [10.25, 1.75, 5.125, 2], "texture": "#1"}
			}
		},
		{
			"from": [-12.5, 20, 7.125],
			"to": [28.5, 22.25, 8.875],
			"rotation": {"angle": 0, "axis": "y", "origin": [12.5, 18.75, 6.5]},
			"faces": {
				"north": {"uv": [5.125, 0.75, 10.25, 1.0625], "texture": "#1"},
				"east": {"uv": [4.25, 6.875, 4.5, 7.1875], "texture": "#1"},
				"south": {"uv": [5.125, 1.125, 10.25, 1.4375], "texture": "#1"},
				"west": {"uv": [4.5, 6.875, 4.75, 7.1875], "texture": "#1"},
				"up": {"uv": [10.25, 2.25, 5.125, 2], "texture": "#1"},
				"down": {"uv": [10.25, 2.25, 5.125, 2.5], "texture": "#1"}
			}
		},
		{
			"from": [26, 17.5, 7.125],
			"to": [28.5, 20, 8.875],
			"rotation": {"angle": 0, "axis": "y", "origin": [12.25, 18.75, 6.5]},
			"faces": {
				"north": {"uv": [6.75, 4.75, 7.0625, 5.0625], "texture": "#1"},
				"east": {"uv": [6.875, 6, 7.125, 6.3125], "texture": "#1"},
				"south": {"uv": [6.75, 5.125, 7.0625, 5.4375], "texture": "#1"},
				"west": {"uv": [6.375, 6.875, 6.625, 7.1875], "texture": "#1"},
				"up": {"uv": [7.3125, 2.75, 7, 2.5], "texture": "#1"},
				"down": {"uv": [7.3125, 2.75, 7, 3], "texture": "#1"}
			}
		},
		{
			"from": [-12.5, -1.5, 7.625],
			"to": [28.5, 20, 8.375],
			"rotation": {"angle": 0, "axis": "y", "origin": [-26.5, 18.75, 7]},
			"faces": {
				"north": {"uv": [0, 0, 5.125, 2.6875], "texture": "#0"},
				"east": {"uv": [2.125, 6.25, 2.25, 8.9375], "texture": "#0"},
				"south": {"uv": [0, 2.75, 5.125, 5.4375], "texture": "#0"},
				"west": {"uv": [2.25, 6.25, 2.375, 8.9375], "texture": "#0"},
				"up": {"uv": [10.625, 4.625, 5.5, 4.5], "texture": "#0"},
				"down": {"uv": [10.625, 4.625, 5.5, 4.75], "texture": "#0"}
			}
		},
		{
			"from": [-12.5, -1.5, 7.125],
			"to": [-10, 1, 8.875],
			"rotation": {"angle": 0, "axis": "y", "origin": [-26.5, -0.5, 6.5]},
			"faces": {
				"north": {"uv": [6.75, 6.75, 7.0625, 7.0625], "texture": "#1"},
				"east": {"uv": [7.125, 3, 7.375, 3.3125], "texture": "#1"},
				"south": {"uv": [2.875, 6.875, 3.1875, 7.1875], "texture": "#1"},
				"west": {"uv": [7.125, 3.375, 7.375, 3.6875], "texture": "#1"},
				"up": {"uv": [5.0625, 7.375, 4.75, 7.125], "texture": "#1"},
				"down": {"uv": [7.4375, 4.75, 7.125, 5], "texture": "#1"}
			}
		},
		{
			"from": [-12.5, 17.5, 7.125],
			"to": [-10, 20, 8.875],
			"rotation": {"angle": 0, "axis": "y", "origin": [-26.5, 18.75, 6.5]},
			"faces": {
				"north": {"uv": [5.5, 6.75, 5.8125, 7.0625], "texture": "#1"},
				"east": {"uv": [7, 3.75, 7.25, 4.0625], "texture": "#1"},
				"south": {"uv": [6.75, 6.375, 7.0625, 6.6875], "texture": "#1"},
				"west": {"uv": [7, 5.5, 7.25, 5.8125], "texture": "#1"},
				"up": {"uv": [6.1875, 7.25, 5.875, 7], "texture": "#1"},
				"down": {"uv": [2.6875, 7.125, 2.375, 7.375], "texture": "#1"}
			}
		},
		{
			"from": [26, -1.5, 7.125],
			"to": [28.5, 1, 8.875],
			"rotation": {"angle": 0, "axis": "y", "origin": [12.25, -0.5, 6.5]},
			"faces": {
				"north": {"uv": [3.25, 6.875, 3.5625, 7.1875], "texture": "#1"},
				"east": {"uv": [7.125, 5, 7.375, 5.3125], "texture": "#1"},
				"south": {"uv": [3.625, 6.875, 3.9375, 7.1875], "texture": "#1"},
				"west": {"uv": [5.5, 7.125, 5.75, 7.4375], "texture": "#1"},
				"up": {"uv": [7.4375, 6.125, 7.125, 5.875], "texture": "#1"},
				"down": {"uv": [7.4375, 6.125, 7.125, 6.375], "texture": "#1"}
			}
		},
		{
			"from": [-14.75, -1.5, 7.125],
			"to": [-12.5, 20, 8.875],
			"rotation": {"angle": 0, "axis": "y", "origin": [9, -3, 6.5]},
			"faces": {
				"north": {"uv": [5.125, 4.5, 5.4375, 7.1875], "texture": "#1"},
				"east": {"uv": [1.125, 5.5, 1.375, 8.1875], "texture": "#1"},
				"south": {"uv": [0, 5.5, 0.3125, 8.1875], "texture": "#1"},
				"west": {"uv": [1.375, 5.5, 1.625, 8.1875], "texture": "#1"},
				"up": {"uv": [7.4375, 6.625, 7.125, 6.375], "texture": "#1"},
				"down": {"uv": [6.9375, 7.125, 6.625, 7.375], "texture": "#1"}
			}
		},
		{
			"from": [28.5, -1.5, 7.125],
			"to": [30.75, 20, 8.875],
			"rotation": {"angle": 0, "axis": "y", "origin": [52.25, -3, 6.5]},
			"faces": {
				"north": {"uv": [0.375, 5.5, 0.6875, 8.1875], "texture": "#1"},
				"east": {"uv": [1.625, 5.5, 1.875, 8.1875], "texture": "#1"},
				"south": {"uv": [0.75, 5.5, 1.0625, 8.1875], "texture": "#1"},
				"west": {"uv": [1.875, 5.5, 2.125, 8.1875], "texture": "#1"},
				"up": {"uv": [7.4375, 6.875, 7.125, 6.625], "texture": "#1"},
				"down": {"uv": [7.4375, 6.875, 7.125, 7.125], "texture": "#1"}
			}
		},
		{
			"from": [-16, -5, 6.5],
			"to": [-12.5, -1.5, 9.5],
			"rotation": {"angle": 0, "axis": "y", "origin": [-28.5, -5, 6.75]},
			"faces": {
				"north": {"uv": [6.125, 3.5, 6.5625, 3.9375], "texture": "#1"},
				"east": {"uv": [5.5, 6.25, 5.875, 6.6875], "texture": "#1"},
				"south": {"uv": [6.125, 4, 6.5625, 4.4375], "texture": "#1"},
				"west": {"uv": [6.25, 5.5, 6.625, 5.9375], "texture": "#1"},
				"up": {"uv": [6.3125, 6.625, 5.875, 6.25], "texture": "#1"},
				"down": {"uv": [6.8125, 6, 6.375, 6.375], "texture": "#1"}
			}
		},
		{
			"from": [-16, 20, 6.5],
			"to": [-12.5, 23.5, 9.5],
			"rotation": {"angle": 0, "axis": "y", "origin": [-28.5, 20, 6.75]},
			"faces": {
				"north": {"uv": [2.375, 6.25, 2.8125, 6.6875], "texture": "#1"},
				"east": {"uv": [6.375, 6.375, 6.75, 6.8125], "texture": "#1"},
				"south": {"uv": [2.875, 6.25, 3.3125, 6.6875], "texture": "#1"},
				"west": {"uv": [6.625, 2.5, 7, 2.9375], "texture": "#1"},
				"up": {"uv": [7.0625, 3.375, 6.625, 3], "texture": "#1"},
				"down": {"uv": [7.0625, 3.375, 6.625, 3.75], "texture": "#1"}
			}
		},
		{
			"from": [4, 24, 4],
			"to": [12, 25, 12],
			"rotation": {"angle": 0, "axis": "y", "origin": [-5.5, 24, 6.25]},
			"faces": {
				"north": {"uv": [6.625, 4.25, 7.625, 4.375], "texture": "#1"},
				"east": {"uv": [6.625, 4.375, 7.625, 4.5], "texture": "#1"},
				"south": {"uv": [2.875, 6.75, 3.875, 6.875], "texture": "#1"},
				"west": {"uv": [3.875, 6.75, 4.875, 6.875], "texture": "#1"},
				"up": {"uv": [6.125, 3.5, 5.125, 2.5], "texture": "#1"},
				"down": {"uv": [6.125, 3.5, 5.125, 4.5], "texture": "#1"}
			}
		},
		{
			"from": [7.5, -8, 7.5],
			"to": [8.5, -6, 8.5],
			"rotation": {"angle": 0, "axis": "y", "origin": [-5.5, -6, 6.25]},
			"faces": {
				"north": {"uv": [6.25, 6, 6.375, 6.25], "texture": "#1"},
				"east": {"uv": [4.75, 6.875, 4.875, 7.125], "texture": "#1"},
				"south": {"uv": [6.625, 6.875, 6.75, 7.125], "texture": "#1"},
				"west": {"uv": [6.25, 7, 6.375, 7.25], "texture": "#1"},
				"up": {"uv": [7.125, 6, 7, 5.875], "texture": "#1"},
				"down": {"uv": [2.875, 7.125, 2.75, 7.25], "texture": "#1"}
			}
		},
		{
			"from": [6.5, -9, 7.5],
			"to": [9.5, -8, 8.5],
			"rotation": {"angle": 0, "axis": "y", "origin": [-5.5, -9, 6.25]},
			"faces": {
				"north": {"uv": [7, 4.125, 7.375, 4.25], "texture": "#1"},
				"east": {"uv": [5.75, 7.125, 5.875, 7.25], "texture": "#1"},
				"south": {"uv": [7.125, 5.375, 7.5, 5.5], "texture": "#1"},
				"west": {"uv": [3.875, 7.25, 4, 7.375], "texture": "#1"},
				"up": {"uv": [7.375, 7.25, 7, 7.125], "texture": "#1"},
				"down": {"uv": [3.125, 7.25, 2.75, 7.375], "texture": "#1"}
			}
		},
		{
			"from": [7, -10, 7.5],
			"to": [9, -9, 8.5],
			"rotation": {"angle": 0, "axis": "y", "origin": [-5.5, -10, 6.25]},
			"faces": {
				"north": {"uv": [3.125, 7.25, 3.375, 7.375], "texture": "#1"},
				"east": {"uv": [7.25, 3.875, 7.375, 4], "texture": "#1"},
				"south": {"uv": [3.375, 7.25, 3.625, 7.375], "texture": "#1"},
				"west": {"uv": [4, 7.25, 4.125, 7.375], "texture": "#1"},
				"up": {"uv": [3.875, 7.375, 3.625, 7.25], "texture": "#1"},
				"down": {"uv": [7.5, 3.75, 7.25, 3.875], "texture": "#1"}
			}
		},
		{
			"from": [7.5, -11, 7.5],
			"to": [8.5, -10, 8.5],
			"rotation": {"angle": 0, "axis": "y", "origin": [-5.5, -10.75, 6.25]},
			"faces": {
				"north": {"uv": [7.25, 4, 7.375, 4.125], "texture": "#1"},
				"east": {"uv": [4.125, 7.25, 4.25, 7.375], "texture": "#1"},
				"south": {"uv": [4.25, 7.25, 4.375, 7.375], "texture": "#1"},
				"west": {"uv": [4.375, 7.25, 4.5, 7.375], "texture": "#1"},
				"up": {"uv": [4.625, 7.375, 4.5, 7.25], "texture": "#1"},
				"down": {"uv": [4.75, 7.25, 4.625, 7.375], "texture": "#1"}
			}
		},
		{
			"from": [5, 26, 5],
			"to": [11, 32, 11],
			"rotation": {"angle": 0, "axis": "y", "origin": [-5.5, 26, 6.25]},
			"faces": {
				"north": {"uv": [2.125, 5.5, 2.875, 6.25], "texture": "#1"},
				"east": {"uv": [2.875, 5.5, 3.625, 6.25], "texture": "#1"},
				"south": {"uv": [3.625, 5.5, 4.375, 6.25], "texture": "#1"},
				"west": {"uv": [4.375, 5.5, 5.125, 6.25], "texture": "#1"},
				"up": {"uv": [6.25, 5.5, 5.5, 4.75], "texture": "#1"},
				"down": {"uv": [6.25, 5.5, 5.5, 6.25], "texture": "#1"}
			}
		},
		{
			"from": [28.5, 20, 6.5],
			"to": [32, 23.5, 9.5],
			"rotation": {"angle": 0, "axis": "y", "origin": [16, 20, 6.75]},
			"faces": {
				"north": {"uv": [3.375, 6.25, 3.8125, 6.6875], "texture": "#1"},
				"east": {"uv": [6.625, 3.75, 7, 4.1875], "texture": "#1"},
				"south": {"uv": [3.875, 6.25, 4.3125, 6.6875], "texture": "#1"},
				"west": {"uv": [6.625, 5.5, 7, 5.9375], "texture": "#1"},
				"up": {"uv": [6.3125, 7, 5.875, 6.625], "texture": "#1"},
				"down": {"uv": [2.8125, 6.75, 2.375, 7.125], "texture": "#1"}
			}
		}
	]
}